,Student Name,Coach,Current Level,Lichess ID,classical_games,rapid_games,classical_points,rapid_points,total_points
663,Pratish,Sathyagiri,Level 2B,Pratish_29,19,703,950,7030,7980
851,Vaseekaran.M,Arun Kumar,Level 3,VaseeNandha,86,85,4300,850,5150
231,Satveer,Pankaj,Level 2C,Dreaxo_777,35,110,1750,1100,2850
308,S. Sai Sarvesh,Venugopal,Level 3,VVM11355,43,64,2150,640,2790
861,Vaibhav,Venugopal,Level 3,VaibhavSenthilkumar,44,59,2200,590,2790
181,Dakshin,Subbu,Level 2C,CCCDakshin,17,176,850,1760,2610
642,Venkatesh,Varun,Level 3,venkatesh64,0,253,0,2530,2530
98,Shritik,Arun Kumar,Level 2C,Shritikshv,30,72,1500,720,2220
334,Ridesh,Koushik Muthesh,Level 2C,Ridesh2017,8,167,400,1670,2070
618,Anshika,Pankaj,Level 2B,anshika2018,10,154,500,1540,2040
260,Senthil Kumar N,Subbu,Level 5,NSK1910,3,186,150,1860,2010
60,Dhiren Nath,Bala Prashanth,Level 3,dhirennath,15,124,750,1240,1990
214,Subashri,Venugopal,Level 3,Subasri193,27,61,1350,610,1960
327,Sanjay Srinivas,Yogram,Level 2B,CCCSanjay,24,65,1200,650,1850
135,Guru Prasad,Arun Kumar,Level 3,Guru0707,27,49,1350,490,1840
220,Rudransh Kumar,Venugopal,Level 2B,rudranshkumar0611,23,68,1150,680,1830
510,Amit Kumar Vinay ,Bala Prashanth,Level 1,rudranshkumar0611,23,68,1150,680,1830
247,Aditya Alladi,Pragadeesh,Level 3,AdityaAlladi,10,127,500,1270,1770
33,Avyan,Venugopal,Level 2C,Avyan160917,21,65,1050,650,1700
157,Valkari Prashanth Vikram,Venugopal,Level 2C,CCCPrashanth,25,38,1250,380,1630
288,Joashpaul  P Antony ,Arun Kumar,Level 2C,Joashpaul,25,33,1250,330,1580
322,Yohaambigai,Venugopal,Level 2C,chessyohaa03,22,38,1100,380,1480
489,D.Sai Santhosh,Puviraj,Level 2C,Saisanthosh1708,1,142,50,1420,1470
102,Rochan Dhanasekur,Subbu,Level 4,rochank,0,145,0,1450,1450
603,Dishita Ranjan,Venugopal,Level 2C,DishitaRanjan01,16,62,800,620,1420
362,A.R.Dashwanth,Gowtham,Level 2C,Dashwanth_AR,20,41,1000,410,1410
522,Adya Harin .A,Yogram,Level 2B,Adyaharin,16,61,800,610,1410
801,S  Sharvesh Prajin,Venugopal,Level 2C,sSharveshprajin,4,111,200,1110,1310
488,Achyuth Ram B,Sathyagiri,Level 2A,AchyuthRam26,11,74,550,740,1290
113,Sai Shravan PM,Sathyagiri,Level 2B,SaiShravanpm,4,108,200,1080,1280
804,Jeevan,Siddiq Akbar,Level 1,jeevan14p,10,76,500,760,1260
453,Hayagreev P,Puviraj,Level 2C,Hayagreevprasanna,10,75,500,750,1250
297,Prasenjit Ishwar Jambhale,Subbu,Level 4,Mybestfriendme,1,113,50,1130,1180
17,Swarup Athith,Subbu,Level 4,swaroopathith,0,117,0,1170,1170
514,M.R.Meha,Sathyagiri,Level 5,Attacker2025,18,26,900,260,1160
129,Mithin,Arun Kumar,Level 3,Mithin2017,19,21,950,210,1160
864,Ahil Alman,Venugopal,Level 3,CCCAhil,15,40,750,400,1150
8,Siddharth Rupachandran,Pragadeesh,Level 3,Aquacharmingelephant,4,91,200,910,1110
319,Mohammed Rehaan,Subbu,Level 4,rehaan22,0,108,0,1080,1080
30,Saathvika,Pankaj,Level 2C,sathvi_charmgirl,2,97,100,970,1070
576,Aarush Vasan,Prasanna Kumar,Level 2A,AarushVasan,12,46,600,460,1060
868,S Thanigaidev,Achaya,Level 2A,ThanigaibDev,6,70,300,700,1000
518,Sai Vetri Selvan,Hari Krishnan,Level 2A,Saivetri2015,10,47,500,470,970
542,Sarah Fayona,Yogram,Level 2B,CCCSarah123,11,38,550,380,930
685,Athvik Srikanth,Yogram,Level 2B,athvik_srikanth,16,13,800,130,930
148,Advik Baskaran,Rajkumar,Level 2C,mailtoadvik,2,81,100,810,910
779,Kajish Raj A,Puviraj,Level 3,kajishraj,2,81,100,810,910
326,Prithvik Sanujan,Pankaj,Level 2C,prithvik_san,4,69,200,690,890
159,Lithisha,Venugopal,Level 2C,Lithisha_A,5,57,250,570,820
298,Vikrant Kumar,Venugopal,Level 2C,Vikranth_Vinodkumar,0,82,0,820,820
290,Aromal,Pankaj,Level 2C,aromalrajan,7,46,350,460,810
142,Ridhika,Pankaj,Level 2C,ridhika_s,0,81,0,810,810
754,M Maheswaran,Prasanna Kumar,Level 2A,Maheswaransolo,2,69,100,690,790
487,P.Kashwini,Sathyagiri,Level 2A,Kashwini_06,0,77,0,770,770
630,Aleena,Gowtham,Level 2A,CCCAleena,10,26,500,260,760
637,Darsh Vignesh,Gowtham,Level 2C,darshvignesh,8,36,400,360,760
296,Shivam,Gowtham,Level 2C,CCCShivam,11,19,550,190,740
378,Sai Varun,Venugopal,Level 2C,SAIVARUN_D,0,73,0,730,730
938,T.Siddarth,Yogram,Level 2B,chroem123,1,67,50,670,720
359,Dandlamudi Siva Shriyaan,Puviraj,Level 2C,SivaShriyaan2016,0,70,0,700,700
869,A.R.Nishwanth,Dhithrabrata Kundu,Level 2A,Nishwanth_AR,13,3,650,30,680
521,Dhiluushan H R ,Venugopal,Level 2C,dhiluushanhr,1,58,50,580,630
125,Meiyappan R,Subbu,Level 5,noblitz-oblige,0,63,0,630,630
511,Prajan Sai,Sathyagiri,Level 2A,prajansai,0,61,0,610,610
360,Saketh,Pankaj,Level 2C,kvsaketh,0,61,0,610,610
31,Nishadiyaan,Subbu,Level 3,Nishad0906,0,58,0,580,580
760,Parth Gupta ,Achaya,Level 2A,Parth2032,5,31,250,310,560
363,Gokul,Johnclinton,Level 3,gokulmechalion,0,54,0,540,540
9,Sahishnu,Pragadeesh,Level 3,sahishnudharshanag,5,29,250,290,540
649,Vrushabadev,Ramana,Level 2A,rishu_nambi,0,52,0,520,520
271,Sai Sukan,Johnclinton,Level 3,SAISUKAN,0,52,0,520,520
351,Aadhira.S ,Koushik Muthesh,Level 2B,Aadhirasanthosh,0,51,0,510,510
654,Aakash Agam,Subbu,Level 5,Aakash409,0,48,0,480,480
87,V.R.Ajay Krishnaa,Arun Kumar,Level 3,Ajay_Krishnaa,4,27,200,270,470
583,Neyah Varun,Prasanna Kumar,Level 2A,Neyah_Varun,5,21,250,210,460
251,Ashvika GV,Gowtham,Level 2C,Ashvikagv,1,40,50,400,450
235,Shrinika Lokeshwaran,Koushik Muthesh,Level 2C,CCC_ShrinikaLokesh,6,15,300,150,450
771,Ashok Hariharan,Venugopal,Level 3,Ashokhariharan,4,24,200,240,440
141,Aswin Bala,Subbu,Level 4,AswinBALA123,0,44,0,440,440
22,Devnath,Subbu,Level 3,evilchess_456,3,26,150,260,410
837,Avenash Ramesh,Subbu,Level 3,AvenashRamesh7,0,41,0,410,410
593,Vishwajith Prabhu,Narendran,Level 2A,ccc_vishwajithprabhu,3,24,150,240,390
595,Shri Karthikeyan Varadhan,Pankaj,Level 2B,katfinland,0,38,0,380,380
456,Advaith Balaji,Puviraj,Level 3,tournament_kiddo,0,38,0,380,380
696,S.Pranav,Sathyagiri,Level 2A,Pranav_Sivabala,0,38,0,380,380
307,Madhumitha,Yogram,Level 2C,Madhusab,4,18,200,180,380
741, V.V.Mahanth,Hari Krishnan,Level 2A,Mahanth_V,1,32,50,320,370
589,Yushaan Mukherjee,Venugopal,Level 2C,Yushaan29,5,12,250,120,370
536,Aksharav,Subbu,Level 4,Akshrav,1,32,50,320,370
433,Vishwa dev,Koushik Muthesh,Level 2A,Vishwadev18,0,36,0,360,360
444,Saravana,Arun Kumar,Level 2C,Saro105,7,1,350,10,360
718,Krish Karthik,Achaya,Level 2A,Krish_Karthik,2,25,100,250,350
530,Jaiharshaa Badrinarayanan,Sathyagiri,Level 2A,JAIHARSHAA,0,33,0,330,330
784,Sanchithbharathy ,Venugopal,Level 3,sunny2111,0,32,0,320,320
65,Sanjana,Bala Prashanth,Level 3,Sanjana_manikandan,0,32,0,320,320
440,Riya Pradeep,Puviraj,Level 3,riyarose,0,32,0,320,320
875,Amalan Sriram,Venugopal,Level 3,Amalan11,0,31,0,310,310
285,IRENE .A,Arun Kumar,Level 2C,irene_amal,0,31,0,310,310
397,Neal Parwani,Gowtham,Level 2C,Neal_Parwani,1,25,50,250,300
199,Yehshikth,Kishore,Level 2B,Yehshikth,0,30,0,300,300
581,Tuvijat Radhish Sudha,Gowtham,Level 2C,TUVIJAT_RS,1,25,50,250,300
721,Aarriv Venkatesh ,Ashwin A,Level 2B,Aarriv,0,30,0,300,300
188,Advaith,Puviraj,Level 3,Adsgod02,0,30,0,300,300
600,DS Prathyush ,Yogram,Level 2C,DsPrathyush21,2,20,100,200,300
780,Navya Sanklecha,Venugopal,Level 2C,Navyasaklecha,0,29,0,290,290
529,A.A.Tosika,Sathyagiri,Level 2A,AATOSIKA0101,0,29,0,290,290
604,Prajwal Dupati,Ashwin A,Level 2B,PrajwalDupati,0,28,0,280,280
6,Hareshwar,Pragadeesh,Level 3,Hareshwar15R,4,8,200,80,280
525,Pramod ,Johnclinton,Level 2C,pramoddharma,0,28,0,280,280
949,Vrishank,Sathyagiri,,Vrishank0409,1,22,50,220,270
78,Prasanna M,Subbu,Level 5,prasanna1735,0,27,0,270,270
355,Samanvetha,Sathyagiri,Level 4,QueenGambitGirl,3,11,150,110,260
306,Mivaan,Pankaj,Level 2A,MivaanMaturi,0,26,0,260,260
728,R D Harsha Vardhini,Narendran,Level 2A,Harshavardhini09,0,26,0,260,260
145,Mithran J,Subbu,Level 4,Mithransabari,0,25,0,250,250
50,Harshad Ravindran,Subbu,Level 4,HarshadRavindran10,1,20,50,200,250
606,Shashank,Sathyagiri,Level 4,Attackersk_27,4,5,200,50,250
807,Aarav P.H,Achaya,Level 2A,Aaravphheyrad,3,10,150,100,250
383,J.Harshiv,Yogram,Level 2B,J_Harshiv,0,24,0,240,240
243,Keerthana Sri. P.B,Shwetha,Level 2A,gpraveenkumarme,0,24,0,240,240
538,Mohanraj,Subbu,Level 3,Mohanrajkce13,0,24,0,240,240
418,A Sudhesan,Anandha Kumar,Level 2A,sudhesan001 ,0,23,0,230,230
854,Navya Nagaraj,Gurukishore,Level 2A,NavyaNagendran_VCA,0,22,0,220,220
557,Tharun Shiva,Achaya,Level 2A,Tharun_16,1,17,50,170,220
647,A.S Rupashree,Subbu,Level 2A,Rupa18,0,22,0,220,220
591,Aaron Jacob ,Achaya,Level 2A,AaronJacob2016,0,22,0,220,220
189,Sounder Anish,Subbu,Level 3,SoundarAnish,0,22,0,220,220
627,Jayakumar Shanmugam ,Puviraj,Level 3,Jayakumars,0,22,0,220,220
483,Sivesh Alluri,Pankaj,Level 3,siveshalluri1,0,21,0,210,210
747,M.Ajeesh,Johnclinton,Level 2A,ajessh2509,1,15,50,150,200
678, S. Rishvik,Prasanna Kumar,Level 2A,rishvik2020,0,19,0,190,190
524,Ruthvic mohanraj,Koushik Muthesh,Level 2C,Ruth2017,0,19,0,190,190
0,Evelyn,Dhithrabrata Kundu,Level 2C,Joannagifta29,0,19,0,190,190
43,Harathika,Subbu,Level 2C,harathika,0,19,0,190,190
54,Satvath,Puviraj,Level 2C,DSatvath,1,13,50,130,180
361,Sreenika,Subbu,Level 2A,Sreenikasai,0,18,0,180,180
597,Ria Evangeline,Johnclinton,Level 2C,RiaAntony,2,8,100,80,180
865,Saketram,Subbu,Level 2C,SaketramS,0,18,0,180,180
348,Syed Fayaz. K,Yogram,Level 2B,SyedFayazK,0,17,0,170,170
51,S. Thanyaa,Subbu,Level 3,Thanyaa2023,0,17,0,170,170
53,Shrishanth,Puviraj,Level 3,ShrishanthSai1,0,16,0,160,160
390,Tejeswini Balajee,Subbu,Level 2A,tejeswinib,2,6,100,60,160
393,Jeffrin,Kishore,Level 4,JJealousy,0,16,0,160,160
309,Idhant,Narendran,Level 2A,idhantverma,0,16,0,160,160
343,K.Uthiraapathy,Gowtham,Level 2C,Uthiraapathy,0,16,0,160,160
611,Gokul Parthiba,Gurukishore,Level 2B,GokulParthiba,2,6,100,60,160
553,Venugopal,Johnclinton,Level 3,GVG0108,0,15,0,150,150
598,Aradhya Guharoy,Achaya,Level 2A,Abhijitguharoy,0,15,0,150,150
276,Chethvik,Johnclinton,Level 2A,Chaitvikdadkishore,0,15,0,150,150
624,SR Anjanai Priya,Kishore,Level 2B,anjanaipriya,0,15,0,150,150
623,SR Arulshri Mathibali,Kishore,Level 2B,arulshrimathibali,0,15,0,150,150
733,Sourav Sreekanth,Hari Krishnan,Level 2A,SouravSreekanth,0,15,0,150,150
422,R.Vishank Ram,Ashwin A,Level 2B,Vishank_Ram_CCC,0,15,0,150,150
58,Tarun,Bala Prashanth,Level 3,tarunkumar-2013,3,0,150,0,150
515,M. Surjeev ,Bala Prashanth,Level 2C,Ember_Oklee,0,14,0,140,140
161,Preet Patel,Arun Kumar,Level 3,Preet189,0,14,0,140,140
379,Keshika Sri,Yogram,Level 2B,rvkeshi_2330,0,14,0,140,140
691,Archith Viswanath ,Subbu,Level 2C,Archith2310,0,13,0,130,130
602, S.R.Harshanth Sanjeev,Achaya,Level 2A,Harshanth_2013,0,13,0,130,130
671,Harish Veeramani,Kishore,Level 2B,HarishVeer,0,13,0,130,130
92,Atharv,Pankaj,Level 2B,chessatharv24,0,12,0,120,120
748,M. Sivaram,Johnclinton,Level 2A,sivaram2509,1,7,50,70,120
461,V.Pavinnithish,Gowtham,Level 2C,Pavinnithish,0,12,0,120,120
546,Arun kumar,Subbu,Level 4,garun09,0,11,0,110,110
549,Aravind V,Subbu,Level 3,AravindVelanandan,0,11,0,110,110
560,Shanvi Silambarasan,Achaya,Level 2A,shanvi12chess,0,11,0,110,110
836,Shanchanasri,Subbu,Level 2C,Shanchanasriv22,0,11,0,110,110
601, S.Pranav,Yogram,Level 2C,pranav-ssmanian81,0,11,0,110,110
261,Jeshua.J,Koushik Muthesh,Level 2C,JeshuaJebarson,0,11,0,110,110
230,Mughilan,Subbu,Level 2C,CCCMughilan,1,5,50,50,100
245,Praharsha R G,Ramana,Level 2A,CCCPraharsha,0,10,0,100,100
858,Lekhaa.L ,Yogram,Level 2B,Lekhaa,0,10,0,100,100
13,Harshavardhan,Subbu,Level 4,Harshavardhan21,0,9,0,90,90
284,Kavinila,Koushik Muthesh,Level 2C,KavinilaSA,0,9,0,90,90
484,Samitha K. A. ,Narendran,Level 2A,samitha2025,0,9,0,90,90
278,Tharun,Koushik Muthesh,Level 2C,Tharunsai2017,0,8,0,80,80
932,Hariharasuthan N,Sathyagiri,Level 1,hariharasuthann2014,0,8,0,80,80
824,Aarush Udayakumar ,Yogram,Level 2A,aarushuk30,0,8,0,80,80
164,Raghuveer,Subbu,Level 5,Raghuveer0218,1,3,50,30,80
321,VARUN S,Yogram,Level 2C,Varunrari2016,0,8,0,80,80
320,Theo,Yogram,Level 2B,Ccctheo,0,8,0,80,80
211,Kriyan Metla,Subbu,Level 2C,kriyanmetla,1,3,50,30,80
700,L.Saitaman,Bala Prashanth,Level 2A,ccc_Saitaman_662,1,3,50,30,80
550,Ranjith Kumar R,Subbu,Level 5,Ranjith7423,0,7,0,70,70
694,Roshan Mehta,Arun Kumar,Level 2C,M17Roshan,0,7,0,70,70
871,Harish Velmurugan,Subbu,Level 4,harivel,0,7,0,70,70
485,S.S.Harish,Sathyagiri,Level 2B,Harishdagoat,0,7,0,70,70
73,Yashwanth S,Pankaj,Level 2B,CCCyashwanth,0,7,0,70,70
811,Videsh Swaminathan ,Subbu New,Level 2A,VideshS,0,7,0,70,70
248,Priam Anto,Yogram,Level 2C,PriamAnto,0,6,0,60,60
631,Saravanan K C,Prasanna Kumar,Level 2A,kcsr271995,0,6,0,60,60
479,Vehanth,Yogram,Level 2A,Vehanth,0,5,0,50,50
313,Suriya Dev,Yogram,Level 2A,suryavenkat,0,5,0,50,50
191,Sathvik,Kishore,Level 2B,saty07,0,5,0,50,50
633,Vignesh K,Ram Natraj,Level 2B,vignesh_krishnakumar,0,5,0,50,50
196,M.A Mohamed Aatiq,Yogram,Level 2C,MohamedAatiq,0,5,0,50,50
872,Keshav Velmurugan,Subbu,Level 4,keshavvel,0,5,0,50,50
332,Adwaith. S,Gurukishore,Level 2A,Unnikutts,0,5,0,50,50
182,Prasanna,Kishore,Level 2B,RookwarriorPrasanna,0,4,0,40,40
282,Shreya Srihari,Arun Kumar,Level 2C,Shreya_srihari,0,4,0,40,40
941,Devdarshan Amarnath ,Ashwin A,,dev_17,0,4,0,40,40
477,Vikranth ,Johnclinton,Level 2A,Vikranth-R,0,4,0,40,40
679,Ishaan Kartik . S,Gurukishore,Level 2A,ishaanmar24,0,4,0,40,40
242,P.S.Lakshaan,Arun Kumar,Level 2A,PSlakshaan,0,4,0,40,40
744,Darshil Thakkar,Gurukishore,Level 2A,Darshilkt,0,4,0,40,40
434,Thuraiya,Ramana,Level 2A,thuraiya64,0,4,0,40,40
755, Sameeranbalaji,Prasanna Kumar,Level 2A,Savitar253,0,4,0,40,40
533,Nikhil,Bala Prashanth,Level 2A,Nikhiljp,0,4,0,40,40
468,Anand M,Kishore,Level 4,anandkmr27,0,4,0,40,40
62,Havisha S D,Bala Prashanth,Level 2B,Havishard,0,4,0,40,40
45,Shravan Santosh,Subbu,Level 4,santhosh_kps_1981,0,4,0,40,40
295,Corin jasper,Kishore,Level 2B,Corin_Jasper,0,3,0,30,30
482,Varshika,Hari Krishnan,Level 2A,ccc_Varshika_483,0,3,0,30,30
672,Ilankavin.B,Bala Prashanth,Level 2A,Kavin8899,0,3,0,30,30
259,Iniyan K,Shwetha,Level 2A,Iniyank,0,3,0,30,30
767,Trishva L. K,Ramana,Level 2A,Trishva,0,3,0,30,30
699,L.Tharunsakthy ,Bala Prashanth,Level 2A,ccc_Tharunsakthy_661,0,3,0,30,30
394,R Pavithra,Subbu,Level 3,pavithravi11,0,3,0,30,30
179,Harshil,Subbu,Level 3,Harshil_00,0,2,0,20,20
535,Aanyaa,Venugopal,Level 2C,aanyaanaveen,0,2,0,20,20
656,T. Prakan,Gurukishore,Level 2A,prakantamilselvan,0,1,0,10,10
209,Pallav,Kishore,Level 2B,CCCPallav,0,1,0,10,10
727,Jyothiraditya P Rao,Pankaj,Level 2B,Jyothir2015,0,0,0,0,0
463,Smrithi,Naveen Kumar K,Level 2A,Smrithi_L,0,0,0,0,0
726,Sai Shanjhana,Pankaj,Level 2C,Shanju_2015,0,0,0,0,0
937,Advaith Vinoth,Yogram,Level 2B,Advaith2204,0,0,0,0,0
723,Sriram Raja,Venugopal,Level 3,SriramRaja41456,0,0,0,0,0
722,Harith.R.P(x),Hari Krishnan,Level 2A,Harith_0712,0,0,0,0,0
431,PI.Ridhushini ,Anandha Kumar,Level 2A,Ridhushini,0,0,0,0,0
930,Zach Singh,Kishore,Level 1,Zach_Singh,0,0,0,0,0
945,Sai Karthi.S,Sathyagiri,,SaiKarthi2015,0,0,0,0,0
720,Mohanraj Karnan,Puviraj,Level 3,mohanraj_karnan,0,0,0,0,0
446,Sreejith,Subbu,Level 4,sreejithmuruga,0,0,0,0,0
439,Dhruva Narayan,Narendran,Level 2A,DhruvaNarayan,0,0,0,0,0
475,Anirudh Mandalam,Narendran,Level 2C,A1-Mandalam,0,0,0,0,0
37,Ishan,Subbu,Level 2C,Ishaan-2015,0,0,0,0,0
190,Johan,Kishore,Level 2B,johanipem,0,0,0,0,0
781,Srihan Madhankumar,Subbu New,Level 2A,srihan_chess,0,0,0,0,0
104,Aditya M,Subbu,Level 3,Aditya_The_OG,0,0,0,0,0
108,Yuvan Jeyaraj,Yogram,Level 2B,CCCyuvan,0,0,0,0,0
109,Aditya Narayanan,Subbu,Level 4,Amazingbros,0,0,0,0,0
717,Guddeti Dev Krish,Hari Krishnan,Level 2A,Guddetidevkrish,0,0,0,0,0
473,Pratiksha BG,Naveen Kumar K,Level 3,Prateekshabg,0,0,0,0,0
749,Anish Raja.V,Gurukishore,Level 1,AnishRajaV,0,0,0,0,0
474,Arjun Mandalam,Bala Prashanth,Level 2C,A2-Mandalam,0,0,0,0,0
805,Akilan S,Subbu New,Level 2A,Akilan07,0,0,0,0,0
66,Deepti Damodaran,Bala Prashanth,Level 2B,CCCDeepthi,0,0,0,0,0
455,Kundan Mupalla,Bala Prashanth,Level 3,Kundan_chessy7,0,0,0,0,0
740,Vasudev S,Pragadeesh,Level 3,Dev010813,0,0,0,0,0
432,Tharun ,Venugopal,Level 3,Tharunm_2023,0,0,0,0,0
445,S.R.Sreeghan Ram,Narendran,Level 2A,sreeghan4chess,0,0,0,0,0
734,Vedh Gautham,Hari Krishnan,Level 2A,VedhGautham,0,0,0,0,0
100,verleena,Arun Kumar,Level 2C,Verleena,0,0,0,0,0
731,E. Ezhil Iniya,Hari Krishnan,Level 2A,iniyA13,0,0,0,0,0
462,Harishini Megha,Yogram,Level 2A,HarshiniMegha,0,0,0,0,0
681,Dhivin,Subbu,Level 2A,Surya_Dhivin,0,0,0,0,0
713,Shrijith Mahesh,Ashwin A,Level 2B,shrijiithmahesh,0,0,0,0,0
512,Shravanthi B Pathey,Narendran,Level 2A,shravanthi8,0,0,0,0,0
588,Gavya Maharajan,Subbu,Level 3,GavyaMaharajan,0,0,0,0,0
587,Johit Ethamukkalam,Siddiq Akbar,Level 1,Johit,0,0,0,0,0
584,Rajveer Sachindra Mahalle,Subbu,Level 4,CCCRajveer,0,0,0,0,0
582,Sharen Damodran,Johnclinton,Level 3,sharenDamodaran,0,0,0,0,0
580,R.A.NIVESH,Achaya,Level 2A,Nivesh03,0,0,0,0,0
578,Dinakaran K,Subbu,Level 3,Dinakaran1808,0,0,0,0,0
574,Gopalakrishnan,Subbu,Level 3,VGKRISHNAN2023,0,0,0,0,0
573,A.LOGESHWARAN,Subbu,Level 3,LOGESH060395,0,0,0,0,0
571,RK.Aadhith Rudhran,Prasanna Kumar,Level 2A,AadhithRudhran,0,0,0,0,0
569,Sabarish,Subbu,Level 4,sabarish12,0,0,0,0,0
567,S A PARAMASIVAN,Subbu,Level 5,sapsiva70,0,0,0,0,0
566,C.Ragland Rajapaul,Achaya,Level 2A,RaglandC,0,0,0,0,0
561,Satchit,Arun Kumar,Level 2C,imposter669,0,0,0,0,0
559,G.Aadithya Yatintra,Achaya,Level 2A,yatintra0610,0,0,0,0,0
558,Ayesha Savio,Ashwin A,Level 3,Zara_xoxo,0,0,0,0,0
556,Keerthana Anand,Achaya,Level 2A,KeerthanaAnand,0,0,0,0,0
555,P. Ayden Juan,Johnclinton,Level 2A,fatimajency,0,0,0,0,0
392,Sai Balan A,Bala Prashanth,Level 2C,SaiBalan0209,0,0,0,0,0
523,Shaam,Yogram,Level 2C,Shaamvijayganesh,0,0,0,0,0
376,Sarvashay Kumar Sahu,Subbu,Level 2A,SarvashayKumarSahu,0,0,0,0,0
527,Sunil Adithya,Johnclinton,Level 3,SunilAdithya02,0,0,0,0,0
365,M.Nethra Shree,Gurukishore,Level 2A,CccNethra,0,0,0,0,0
358,Praneeth Nareshkanth,Yogram,Level 2B,Praneethnareshkanth,0,0,0,0,0
312,Maheshwaran A,Subbu,Level 3,mahesharul,0,0,0,0,0
399,Zidane Siyad,Bala Prashanth,Level 2A,MohammedZidaneSiyad,0,0,0,0,0
712,Deepak Gopi,Dhithrabrata Kundu,Level 2C,Deepakgopi,0,0,0,0,0
404, Sidharth Balamurugan,Yogram,Level 2B,Sidharth4u2u,0,0,0,0,0
710,Shawn Merwin,Ashwin A,Level 1,shawnmerwin07,0,0,0,0,0
706,Sastharachan.H,Ashwin A,Level 1,SASTHARACHAN,0,0,0,0,0
705,Mahira,Achaya,Level 2A,mahira_2430,0,0,0,0,0
702,K.Darshan,Bala Prashanth,Level 2C,Darshan0703,0,0,0,0,0
689,Magilan DK,Gurukishore,Level 1,magilan_dk,0,0,0,0,0
421,Nikit Vineeth Nathan ,Ashwin A,Level 2B,nikitnathan,0,0,0,0,0
648,Sai Ishaan,Nick,Level 2A,Saiishaan2016,0,0,0,0,0
254,Pradanya Thayalan,Ashwin A,Level 2B,Pradanya10,0,0,0,0,0
256,Anushdhita,Venugopal,Level 2C,Rajapommaiyan,0,0,0,0,0
258,Yatha,Gowtham,Level 2C,Yathachess1,0,0,0,0,0
628,Kavin Yokesh M S,Gurukishore,Level 2A,Priyabalu,0,0,0,0,0
420,Sri Pranesh V N,Ashwin A,Level 2B,Sripranesh,0,0,0,0,0
626,Sunidhi Gopal Kulkarni,Pranesh,Level 2B,DMCA _Sunidhi,0,0,0,0,0
625,G. Shastikaa,Narendran,Level 2A,ccc_Shastikaa_626,0,0,0,0,0
438,S.Ritish,Pragadeesh,Level 3,KQChessChampRitish,0,0,0,0,0
621,Shakshitha S,Nick,Level 1,Shakshitha26,0,0,0,0,0
274,Danvir,Johnclinton,Level 2C,Danvir2016,0,0,0,0,0
408,Arshitha.V,Subbu,Level 2A,Arshitha1129,0,0,0,0,0
406,Shivanya,Anandha Kumar,Level 2A,Shivanya02,0,0,0,0,0
277,Iyan,Johnclinton,Level 2A,Iyan_CB,0,0,0,0,0
405,H. Arundakshin ,Ashwin A,Level 2A,arundakshin,0,0,0,0,0
503,Palvit Ethamukkalam,Bala Prashanth,Level 2A,Pal160516,0,0,0,0,0
508,Harshit ,Bala Prashanth,Level 3,harsithb,0,0,0,0,0
436,S Rathinavel Murugan ,Arun Kumar,Level 3,SRathinavelMurugan,0,0,0,0,0
